"STATISTIC","STATISTIC Label","TLIST(A1)","Year","C02339V02812","County","UNIT","VALUE"
"HSA10","New House Registrations","1978","1978","-","All Counties","Number","3781"
"HSA10","New House Registrations","1978","1978","01","Carlow","Number","1"
"HSA10","New House Registrations","1978","1978","02","Dublin","Number","1761"
"HSA10","New House Registrations","1978","1978","03","Kildare","Number","154"
"HSA10","New House Registrations","1978","1978","04","Kilkenny","Number","82"
"HSA10","New House Registrations","1978","1978","05","Laois","Number","13"
"HSA10","New House Registrations","1978","1978","06","Longford","Number","36"
"HSA10","New House Registrations","1978","1978","07","Louth","Number","84"
"HSA10","New House Registrations","1978","1978","08","Meath","Number","84"
"HSA10","New House Registrations","1978","1978","09","Offaly","Number","6"
"HSA10","New House Registrations","1978","1978","10","Westmeath","Number","177"
"HSA10","New House Registrations","1978","1978","11","Wexford","Number","43"
"HSA10","New House Registrations","1978","1978","12","Wicklow","Number","228"
"HSA10","New House Registrations","1978","1978","13","Clare","Number","65"
"HSA10","New House Registrations","1978","1978","14","Cork","Number","367"
"HSA10","New House Registrations","1978","1978","15","Kerry","Number","32"
"HSA10","New House Registrations","1978","1978","16","Limerick","Number","154"
"HSA10","New House Registrations","1978","1978","17","Tipperary","Number","29"
"HSA10","New House Registrations","1978","1978","18","Waterford","Number","189"
"HSA10","New House Registrations","1978","1978","19","Galway","Number","173"
"HSA10","New House Registrations","1978","1978","20","Leitrim","Number","6"
"HSA10","New House Registrations","1978","1978","21","Mayo","Number","37"
"HSA10","New House Registrations","1978","1978","22","Roscommon","Number","20"
"HSA10","New House Registrations","1978","1978","23","Sligo","Number","3"
"HSA10","New House Registrations","1978","1978","24","Cavan","Number","10"
"HSA10","New House Registrations","1978","1978","25","Donegal","Number","27"
"HSA10","New House Registrations","1978","1978","26","Monaghan","Number","0"
"HSA10","New House Registrations","1979","1979","-","All Counties","Number","5565"
"HSA10","New House Registrations","1979","1979","01","Carlow","Number","5"
"HSA10","New House Registrations","1979","1979","02","Dublin","Number","2479"
"HSA10","New House Registrations","1979","1979","03","Kildare","Number","332"
"HSA10","New House Registrations","1979","1979","04","Kilkenny","Number","83"
"HSA10","New House Registrations","1979","1979","05","Laois","Number","26"
"HSA10","New House Registrations","1979","1979","06","Longford","Number","10"
"HSA10","New House Registrations","1979","1979","07","Louth","Number","276"
"HSA10","New House Registrations","1979","1979","08","Meath","Number","283"
"HSA10","New House Registrations","1979","1979","09","Offaly","Number","6"
"HSA10","New House Registrations","1979","1979","10","Westmeath","Number","213"
"HSA10","New House Registrations","1979","1979","11","Wexford","Number","39"
"HSA10","New House Registrations","1979","1979","12","Wicklow","Number","194"
"HSA10","New House Registrations","1979","1979","13","Clare","Number","18"
"HSA10","New House Registrations","1979","1979","14","Cork","Number","655"
"HSA10","New House Registrations","1979","1979","15","Kerry","Number","45"
"HSA10","New House Registrations","1979","1979","16","Limerick","Number","134"
"HSA10","New House Registrations","1979","1979","17","Tipperary","Number","5"
"HSA10","New House Registrations","1979","1979","18","Waterford","Number","156"
"HSA10","New House Registrations","1979","1979","19","Galway","Number","433"
"HSA10","New House Registrations","1979","1979","20","Leitrim","Number","3"
"HSA10","New House Registrations","1979","1979","21","Mayo","Number","42"
"HSA10","New House Registrations","1979","1979","22","Roscommon","Number","26"
"HSA10","New House Registrations","1979","1979","23","Sligo","Number","7"
"HSA10","New House Registrations","1979","1979","24","Cavan","Number","15"
"HSA10","New House Registrations","1979","1979","25","Donegal","Number","38"
"HSA10","New House Registrations","1979","1979","26","Monaghan","Number","42"
"HSA10","New House Registrations","1980","1980","-","All Counties","Number","9609"
"HSA10","New House Registrations","1980","1980","01","Carlow","Number","44"
"HSA10","New House Registrations","1980","1980","02","Dublin","Number","4678"
"HSA10","New House Registrations","1980","1980","03","Kildare","Number","668"
"HSA10","New House Registrations","1980","1980","04","Kilkenny","Number","83"
"HSA10","New House Registrations","1980","1980","05","Laois","Number","43"
"HSA10","New House Registrations","1980","1980","06","Longford","Number","22"
"HSA10","New House Registrations","1980","1980","07","Louth","Number","369"
"HSA10","New House Registrations","1980","1980","08","Meath","Number","373"
"HSA10","New House Registrations","1980","1980","09","Offaly","Number","32"
"HSA10","New House Registrations","1980","1980","10","Westmeath","Number","121"
"HSA10","New House Registrations","1980","1980","11","Wexford","Number","62"
"HSA10","New House Registrations","1980","1980","12","Wicklow","Number","257"
"HSA10","New House Registrations","1980","1980","13","Clare","Number","186"
"HSA10","New House Registrations","1980","1980","14","Cork","Number","1402"
"HSA10","New House Registrations","1980","1980","15","Kerry","Number","81"
"HSA10","New House Registrations","1980","1980","16","Limerick","Number","351"
"HSA10","New House Registrations","1980","1980","17","Tipperary","Number","102"
"HSA10","New House Registrations","1980","1980","18","Waterford","Number","190"
"HSA10","New House Registrations","1980","1980","19","Galway","Number","268"
"HSA10","New House Registrations","1980","1980","20","Leitrim","Number","5"
"HSA10","New House Registrations","1980","1980","21","Mayo","Number","75"
"HSA10","New House Registrations","1980","1980","22","Roscommon","Number","52"
"HSA10","New House Registrations","1980","1980","23","Sligo","Number","65"
"HSA10","New House Registrations","1980","1980","24","Cavan","Number","11"
"HSA10","New House Registrations","1980","1980","25","Donegal","Number","40"
"HSA10","New House Registrations","1980","1980","26","Monaghan","Number","29"
"HSA10","New House Registrations","1981","1981","-","All Counties","Number","10785"
"HSA10","New House Registrations","1981","1981","01","Carlow","Number","97"
"HSA10","New House Registrations","1981","1981","02","Dublin","Number","4012"
"HSA10","New House Registrations","1981","1981","03","Kildare","Number","731"
"HSA10","New House Registrations","1981","1981","04","Kilkenny","Number","145"
"HSA10","New House Registrations","1981","1981","05","Laois","Number","77"
"HSA10","New House Registrations","1981","1981","06","Longford","Number","90"
"HSA10","New House Registrations","1981","1981","07","Louth","Number","209"
"HSA10","New House Registrations","1981","1981","08","Meath","Number","423"
"HSA10","New House Registrations","1981","1981","09","Offaly","Number","60"
"HSA10","New House Registrations","1981","1981","10","Westmeath","Number","140"
"HSA10","New House Registrations","1981","1981","11","Wexford","Number","81"
"HSA10","New House Registrations","1981","1981","12","Wicklow","Number","673"
"HSA10","New House Registrations","1981","1981","13","Clare","Number","267"
"HSA10","New House Registrations","1981","1981","14","Cork","Number","1707"
"HSA10","New House Registrations","1981","1981","15","Kerry","Number","112"
"HSA10","New House Registrations","1981","1981","16","Limerick","Number","619"
"HSA10","New House Registrations","1981","1981","17","Tipperary","Number","159"
"HSA10","New House Registrations","1981","1981","18","Waterford","Number","252"
"HSA10","New House Registrations","1981","1981","19","Galway","Number","488"
"HSA10","New House Registrations","1981","1981","20","Leitrim","Number","9"
"HSA10","New House Registrations","1981","1981","21","Mayo","Number","135"
"HSA10","New House Registrations","1981","1981","22","Roscommon","Number","64"
"HSA10","New House Registrations","1981","1981","23","Sligo","Number","104"
"HSA10","New House Registrations","1981","1981","24","Cavan","Number","14"
"HSA10","New House Registrations","1981","1981","25","Donegal","Number","71"
"HSA10","New House Registrations","1981","1981","26","Monaghan","Number","46"
"HSA10","New House Registrations","1982","1982","-","All Counties","Number","9448"
"HSA10","New House Registrations","1982","1982","01","Carlow","Number","61"
"HSA10","New House Registrations","1982","1982","02","Dublin","Number","4149"
"HSA10","New House Registrations","1982","1982","03","Kildare","Number","603"
"HSA10","New House Registrations","1982","1982","04","Kilkenny","Number","62"
"HSA10","New House Registrations","1982","1982","05","Laois","Number","29"
"HSA10","New House Registrations","1982","1982","06","Longford","Number","54"
"HSA10","New House Registrations","1982","1982","07","Louth","Number","238"
"HSA10","New House Registrations","1982","1982","08","Meath","Number","266"
"HSA10","New House Registrations","1982","1982","09","Offaly","Number","30"
"HSA10","New House Registrations","1982","1982","10","Westmeath","Number","156"
"HSA10","New House Registrations","1982","1982","11","Wexford","Number","52"
"HSA10","New House Registrations","1982","1982","12","Wicklow","Number","397"
"HSA10","New House Registrations","1982","1982","13","Clare","Number","349"
"HSA10","New House Registrations","1982","1982","14","Cork","Number","1298"
"HSA10","New House Registrations","1982","1982","15","Kerry","Number","171"
"HSA10","New House Registrations","1982","1982","16","Limerick","Number","456"
"HSA10","New House Registrations","1982","1982","17","Tipperary","Number","115"
"HSA10","New House Registrations","1982","1982","18","Waterford","Number","284"
"HSA10","New House Registrations","1982","1982","19","Galway","Number","279"
"HSA10","New House Registrations","1982","1982","20","Leitrim","Number","6"
"HSA10","New House Registrations","1982","1982","21","Mayo","Number","59"
"HSA10","New House Registrations","1982","1982","22","Roscommon","Number","75"
"HSA10","New House Registrations","1982","1982","23","Sligo","Number","137"
"HSA10","New House Registrations","1982","1982","24","Cavan","Number","35"
"HSA10","New House Registrations","1982","1982","25","Donegal","Number","73"
"HSA10","New House Registrations","1982","1982","26","Monaghan","Number","14"
"HSA10","New House Registrations","1983","1983","-","All Counties","Number","10830"
"HSA10","New House Registrations","1983","1983","01","Carlow","Number","99"
"HSA10","New House Registrations","1983","1983","02","Dublin","Number","4331"
"HSA10","New House Registrations","1983","1983","03","Kildare","Number","640"
"HSA10","New House Registrations","1983","1983","04","Kilkenny","Number","142"
"HSA10","New House Registrations","1983","1983","05","Laois","Number","68"
"HSA10","New House Registrations","1983","1983","06","Longford","Number","54"
"HSA10","New House Registrations","1983","1983","07","Louth","Number","251"
"HSA10","New House Registrations","1983","1983","08","Meath","Number","277"
"HSA10","New House Registrations","1983","1983","09","Offaly","Number","119"
"HSA10","New House Registrations","1983","1983","10","Westmeath","Number","183"
"HSA10","New House Registrations","1983","1983","11","Wexford","Number","63"
"HSA10","New House Registrations","1983","1983","12","Wicklow","Number","400"
"HSA10","New House Registrations","1983","1983","13","Clare","Number","345"
"HSA10","New House Registrations","1983","1983","14","Cork","Number","1511"
"HSA10","New House Registrations","1983","1983","15","Kerry","Number","222"
"HSA10","New House Registrations","1983","1983","16","Limerick","Number","586"
"HSA10","New House Registrations","1983","1983","17","Tipperary","Number","215"
"HSA10","New House Registrations","1983","1983","18","Waterford","Number","299"
"HSA10","New House Registrations","1983","1983","19","Galway","Number","460"
"HSA10","New House Registrations","1983","1983","20","Leitrim","Number","10"
"HSA10","New House Registrations","1983","1983","21","Mayo","Number","84"
"HSA10","New House Registrations","1983","1983","22","Roscommon","Number","77"
"HSA10","New House Registrations","1983","1983","23","Sligo","Number","180"
"HSA10","New House Registrations","1983","1983","24","Cavan","Number","30"
"HSA10","New House Registrations","1983","1983","25","Donegal","Number","150"
"HSA10","New House Registrations","1983","1983","26","Monaghan","Number","34"
"HSA10","New House Registrations","1984","1984","-","All Counties","Number","10422"
"HSA10","New House Registrations","1984","1984","01","Carlow","Number","64"
"HSA10","New House Registrations","1984","1984","02","Dublin","Number","4810"
"HSA10","New House Registrations","1984","1984","03","Kildare","Number","667"
"HSA10","New House Registrations","1984","1984","04","Kilkenny","Number","139"
"HSA10","New House Registrations","1984","1984","05","Laois","Number","58"
"HSA10","New House Registrations","1984","1984","06","Longford","Number","35"
"HSA10","New House Registrations","1984","1984","07","Louth","Number","205"
"HSA10","New House Registrations","1984","1984","08","Meath","Number","194"
"HSA10","New House Registrations","1984","1984","09","Offaly","Number","42"
"HSA10","New House Registrations","1984","1984","10","Westmeath","Number","127"
"HSA10","New House Registrations","1984","1984","11","Wexford","Number","127"
"HSA10","New House Registrations","1984","1984","12","Wicklow","Number","338"
"HSA10","New House Registrations","1984","1984","13","Clare","Number","235"
"HSA10","New House Registrations","1984","1984","14","Cork","Number","1267"
"HSA10","New House Registrations","1984","1984","15","Kerry","Number","148"
"HSA10","New House Registrations","1984","1984","16","Limerick","Number","524"
"HSA10","New House Registrations","1984","1984","17","Tipperary","Number","198"
"HSA10","New House Registrations","1984","1984","18","Waterford","Number","335"
"HSA10","New House Registrations","1984","1984","19","Galway","Number","357"
"HSA10","New House Registrations","1984","1984","20","Leitrim","Number","25"
"HSA10","New House Registrations","1984","1984","21","Mayo","Number","105"
"HSA10","New House Registrations","1984","1984","22","Roscommon","Number","23"
"HSA10","New House Registrations","1984","1984","23","Sligo","Number","159"
"HSA10","New House Registrations","1984","1984","24","Cavan","Number","53"
"HSA10","New House Registrations","1984","1984","25","Donegal","Number","159"
"HSA10","New House Registrations","1984","1984","26","Monaghan","Number","28"
"HSA10","New House Registrations","1985","1985","-","All Counties","Number","8819"
"HSA10","New House Registrations","1985","1985","01","Carlow","Number","69"
"HSA10","New House Registrations","1985","1985","02","Dublin","Number","3850"
"HSA10","New House Registrations","1985","1985","03","Kildare","Number","522"
"HSA10","New House Registrations","1985","1985","04","Kilkenny","Number","134"
"HSA10","New House Registrations","1985","1985","05","Laois","Number","50"
"HSA10","New House Registrations","1985","1985","06","Longford","Number","33"
"HSA10","New House Registrations","1985","1985","07","Louth","Number","217"
"HSA10","New House Registrations","1985","1985","08","Meath","Number","154"
"HSA10","New House Registrations","1985","1985","09","Offaly","Number","42"
"HSA10","New House Registrations","1985","1985","10","Westmeath","Number","76"
"HSA10","New House Registrations","1985","1985","11","Wexford","Number","108"
"HSA10","New House Registrations","1985","1985","12","Wicklow","Number","288"
"HSA10","New House Registrations","1985","1985","13","Clare","Number","214"
"HSA10","New House Registrations","1985","1985","14","Cork","Number","1074"
"HSA10","New House Registrations","1985","1985","15","Kerry","Number","129"
"HSA10","New House Registrations","1985","1985","16","Limerick","Number","340"
"HSA10","New House Registrations","1985","1985","17","Tipperary","Number","222"
"HSA10","New House Registrations","1985","1985","18","Waterford","Number","378"
"HSA10","New House Registrations","1985","1985","19","Galway","Number","454"
"HSA10","New House Registrations","1985","1985","20","Leitrim","Number","7"
"HSA10","New House Registrations","1985","1985","21","Mayo","Number","91"
"HSA10","New House Registrations","1985","1985","22","Roscommon","Number","19"
"HSA10","New House Registrations","1985","1985","23","Sligo","Number","120"
"HSA10","New House Registrations","1985","1985","24","Cavan","Number","66"
"HSA10","New House Registrations","1985","1985","25","Donegal","Number","130"
"HSA10","New House Registrations","1985","1985","26","Monaghan","Number","32"
"HSA10","New House Registrations","1986","1986","-","All Counties","Number","8249"
"HSA10","New House Registrations","1986","1986","01","Carlow","Number","41"
"HSA10","New House Registrations","1986","1986","02","Dublin","Number","3722"
"HSA10","New House Registrations","1986","1986","03","Kildare","Number","508"
"HSA10","New House Registrations","1986","1986","04","Kilkenny","Number","170"
"HSA10","New House Registrations","1986","1986","05","Laois","Number","60"
"HSA10","New House Registrations","1986","1986","06","Longford","Number","20"
"HSA10","New House Registrations","1986","1986","07","Louth","Number","212"
"HSA10","New House Registrations","1986","1986","08","Meath","Number","157"
"HSA10","New House Registrations","1986","1986","09","Offaly","Number","42"
"HSA10","New House Registrations","1986","1986","10","Westmeath","Number","57"
"HSA10","New House Registrations","1986","1986","11","Wexford","Number","72"
"HSA10","New House Registrations","1986","1986","12","Wicklow","Number","191"
"HSA10","New House Registrations","1986","1986","13","Clare","Number","232"
"HSA10","New House Registrations","1986","1986","14","Cork","Number","1041"
"HSA10","New House Registrations","1986","1986","15","Kerry","Number","135"
"HSA10","New House Registrations","1986","1986","16","Limerick","Number","370"
"HSA10","New House Registrations","1986","1986","17","Tipperary","Number","182"
"HSA10","New House Registrations","1986","1986","18","Waterford","Number","302"
"HSA10","New House Registrations","1986","1986","19","Galway","Number","339"
"HSA10","New House Registrations","1986","1986","20","Leitrim","Number","11"
"HSA10","New House Registrations","1986","1986","21","Mayo","Number","55"
"HSA10","New House Registrations","1986","1986","22","Roscommon","Number","42"
"HSA10","New House Registrations","1986","1986","23","Sligo","Number","105"
"HSA10","New House Registrations","1986","1986","24","Cavan","Number","37"
"HSA10","New House Registrations","1986","1986","25","Donegal","Number","127"
"HSA10","New House Registrations","1986","1986","26","Monaghan","Number","19"
"HSA10","New House Registrations","1987","1987","-","All Counties","Number","7099"
"HSA10","New House Registrations","1987","1987","01","Carlow","Number","30"
"HSA10","New House Registrations","1987","1987","02","Dublin","Number","3356"
"HSA10","New House Registrations","1987","1987","03","Kildare","Number","329"
"HSA10","New House Registrations","1987","1987","04","Kilkenny","Number","156"
"HSA10","New House Registrations","1987","1987","05","Laois","Number","68"
"HSA10","New House Registrations","1987","1987","06","Longford","Number","22"
"HSA10","New House Registrations","1987","1987","07","Louth","Number","121"
"HSA10","New House Registrations","1987","1987","08","Meath","Number","136"
"HSA10","New House Registrations","1987","1987","09","Offaly","Number","65"
"HSA10","New House Registrations","1987","1987","10","Westmeath","Number","77"
"HSA10","New House Registrations","1987","1987","11","Wexford","Number","136"
"HSA10","New House Registrations","1987","1987","12","Wicklow","Number","195"
"HSA10","New House Registrations","1987","1987","13","Clare","Number","161"
"HSA10","New House Registrations","1987","1987","14","Cork","Number","791"
"HSA10","New House Registrations","1987","1987","15","Kerry","Number","93"
"HSA10","New House Registrations","1987","1987","16","Limerick","Number","284"
"HSA10","New House Registrations","1987","1987","17","Tipperary","Number","187"
"HSA10","New House Registrations","1987","1987","18","Waterford","Number","300"
"HSA10","New House Registrations","1987","1987","19","Galway","Number","307"
"HSA10","New House Registrations","1987","1987","20","Leitrim","Number","12"
"HSA10","New House Registrations","1987","1987","21","Mayo","Number","45"
"HSA10","New House Registrations","1987","1987","22","Roscommon","Number","21"
"HSA10","New House Registrations","1987","1987","23","Sligo","Number","57"
"HSA10","New House Registrations","1987","1987","24","Cavan","Number","35"
"HSA10","New House Registrations","1987","1987","25","Donegal","Number","64"
"HSA10","New House Registrations","1987","1987","26","Monaghan","Number","51"
"HSA10","New House Registrations","1988","1988","-","All Counties","Number","8297"
"HSA10","New House Registrations","1988","1988","01","Carlow","Number","25"
"HSA10","New House Registrations","1988","1988","02","Dublin","Number","3942"
"HSA10","New House Registrations","1988","1988","03","Kildare","Number","370"
"HSA10","New House Registrations","1988","1988","04","Kilkenny","Number","206"
"HSA10","New House Registrations","1988","1988","05","Laois","Number","109"
"HSA10","New House Registrations","1988","1988","06","Longford","Number","17"
"HSA10","New House Registrations","1988","1988","07","Louth","Number","110"
"HSA10","New House Registrations","1988","1988","08","Meath","Number","97"
"HSA10","New House Registrations","1988","1988","09","Offaly","Number","73"
"HSA10","New House Registrations","1988","1988","10","Westmeath","Number","74"
"HSA10","New House Registrations","1988","1988","11","Wexford","Number","131"
"HSA10","New House Registrations","1988","1988","12","Wicklow","Number","113"
"HSA10","New House Registrations","1988","1988","13","Clare","Number","191"
"HSA10","New House Registrations","1988","1988","14","Cork","Number","925"
"HSA10","New House Registrations","1988","1988","15","Kerry","Number","125"
"HSA10","New House Registrations","1988","1988","16","Limerick","Number","395"
"HSA10","New House Registrations","1988","1988","17","Tipperary","Number","164"
"HSA10","New House Registrations","1988","1988","18","Waterford","Number","338"
"HSA10","New House Registrations","1988","1988","19","Galway","Number","473"
"HSA10","New House Registrations","1988","1988","20","Leitrim","Number","13"
"HSA10","New House Registrations","1988","1988","21","Mayo","Number","80"
"HSA10","New House Registrations","1988","1988","22","Roscommon","Number","30"
"HSA10","New House Registrations","1988","1988","23","Sligo","Number","125"
"HSA10","New House Registrations","1988","1988","24","Cavan","Number","61"
"HSA10","New House Registrations","1988","1988","25","Donegal","Number","73"
"HSA10","New House Registrations","1988","1988","26","Monaghan","Number","37"
"HSA10","New House Registrations","1989","1989","-","All Counties","Number","11627"
"HSA10","New House Registrations","1989","1989","01","Carlow","Number","120"
"HSA10","New House Registrations","1989","1989","02","Dublin","Number","4500"
"HSA10","New House Registrations","1989","1989","03","Kildare","Number","888"
"HSA10","New House Registrations","1989","1989","04","Kilkenny","Number","261"
"HSA10","New House Registrations","1989","1989","05","Laois","Number","88"
"HSA10","New House Registrations","1989","1989","06","Longford","Number","24"
"HSA10","New House Registrations","1989","1989","07","Louth","Number","147"
"HSA10","New House Registrations","1989","1989","08","Meath","Number","229"
"HSA10","New House Registrations","1989","1989","09","Offaly","Number","69"
"HSA10","New House Registrations","1989","1989","10","Westmeath","Number","166"
"HSA10","New House Registrations","1989","1989","11","Wexford","Number","191"
"HSA10","New House Registrations","1989","1989","12","Wicklow","Number","394"
"HSA10","New House Registrations","1989","1989","13","Clare","Number","194"
"HSA10","New House Registrations","1989","1989","14","Cork","Number","1241"
"HSA10","New House Registrations","1989","1989","15","Kerry","Number","267"
"HSA10","New House Registrations","1989","1989","16","Limerick","Number","667"
"HSA10","New House Registrations","1989","1989","17","Tipperary","Number","208"
"HSA10","New House Registrations","1989","1989","18","Waterford","Number","465"
"HSA10","New House Registrations","1989","1989","19","Galway","Number","734"
"HSA10","New House Registrations","1989","1989","20","Leitrim","Number","10"
"HSA10","New House Registrations","1989","1989","21","Mayo","Number","158"
"HSA10","New House Registrations","1989","1989","22","Roscommon","Number","40"
"HSA10","New House Registrations","1989","1989","23","Sligo","Number","224"
"HSA10","New House Registrations","1989","1989","24","Cavan","Number","74"
"HSA10","New House Registrations","1989","1989","25","Donegal","Number","212"
"HSA10","New House Registrations","1989","1989","26","Monaghan","Number","56"
"HSA10","New House Registrations","1990","1990","-","All Counties","Number","11346"
"HSA10","New House Registrations","1990","1990","01","Carlow","Number","123"
"HSA10","New House Registrations","1990","1990","02","Dublin","Number","4616"
"HSA10","New House Registrations","1990","1990","03","Kildare","Number","770"
"HSA10","New House Registrations","1990","1990","04","Kilkenny","Number","230"
"HSA10","New House Registrations","1990","1990","05","Laois","Number","98"
"HSA10","New House Registrations","1990","1990","06","Longford","Number","34"
"HSA10","New House Registrations","1990","1990","07","Louth","Number","196"
"HSA10","New House Registrations","1990","1990","08","Meath","Number","297"
"HSA10","New House Registrations","1990","1990","09","Offaly","Number","110"
"HSA10","New House Registrations","1990","1990","10","Westmeath","Number","150"
"HSA10","New House Registrations","1990","1990","11","Wexford","Number","159"
"HSA10","New House Registrations","1990","1990","12","Wicklow","Number","297"
"HSA10","New House Registrations","1990","1990","13","Clare","Number","299"
"HSA10","New House Registrations","1990","1990","14","Cork","Number","1281"
"HSA10","New House Registrations","1990","1990","15","Kerry","Number","295"
"HSA10","New House Registrations","1990","1990","16","Limerick","Number","577"
"HSA10","New House Registrations","1990","1990","17","Tipperary","Number","203"
"HSA10","New House Registrations","1990","1990","18","Waterford","Number","389"
"HSA10","New House Registrations","1990","1990","19","Galway","Number","630"
"HSA10","New House Registrations","1990","1990","20","Leitrim","Number","19"
"HSA10","New House Registrations","1990","1990","21","Mayo","Number","141"
"HSA10","New House Registrations","1990","1990","22","Roscommon","Number","43"
"HSA10","New House Registrations","1990","1990","23","Sligo","Number","92"
"HSA10","New House Registrations","1990","1990","24","Cavan","Number","88"
"HSA10","New House Registrations","1990","1990","25","Donegal","Number","142"
"HSA10","New House Registrations","1990","1990","26","Monaghan","Number","67"
"HSA10","New House Registrations","1991","1991","-","All Counties","Number","10658"
"HSA10","New House Registrations","1991","1991","01","Carlow","Number","109"
"HSA10","New House Registrations","1991","1991","02","Dublin","Number","4684"
"HSA10","New House Registrations","1991","1991","03","Kildare","Number","744"
"HSA10","New House Registrations","1991","1991","04","Kilkenny","Number","255"
"HSA10","New House Registrations","1991","1991","05","Laois","Number","77"
"HSA10","New House Registrations","1991","1991","06","Longford","Number","25"
"HSA10","New House Registrations","1991","1991","07","Louth","Number","215"
"HSA10","New House Registrations","1991","1991","08","Meath","Number","249"
"HSA10","New House Registrations","1991","1991","09","Offaly","Number","78"
"HSA10","New House Registrations","1991","1991","10","Westmeath","Number","152"
"HSA10","New House Registrations","1991","1991","11","Wexford","Number","190"
"HSA10","New House Registrations","1991","1991","12","Wicklow","Number","118"
"HSA10","New House Registrations","1991","1991","13","Clare","Number","318"
"HSA10","New House Registrations","1991","1991","14","Cork","Number","1107"
"HSA10","New House Registrations","1991","1991","15","Kerry","Number","220"
"HSA10","New House Registrations","1991","1991","16","Limerick","Number","520"
"HSA10","New House Registrations","1991","1991","17","Tipperary","Number","166"
"HSA10","New House Registrations","1991","1991","18","Waterford","Number","235"
"HSA10","New House Registrations","1991","1991","19","Galway","Number","618"
"HSA10","New House Registrations","1991","1991","20","Leitrim","Number","17"
"HSA10","New House Registrations","1991","1991","21","Mayo","Number","159"
"HSA10","New House Registrations","1991","1991","22","Roscommon","Number","33"
"HSA10","New House Registrations","1991","1991","23","Sligo","Number","95"
"HSA10","New House Registrations","1991","1991","24","Cavan","Number","82"
"HSA10","New House Registrations","1991","1991","25","Donegal","Number","152"
"HSA10","New House Registrations","1991","1991","26","Monaghan","Number","40"
"HSA10","New House Registrations","1992","1992","-","All Counties","Number","12748"
"HSA10","New House Registrations","1992","1992","01","Carlow","Number","123"
"HSA10","New House Registrations","1992","1992","02","Dublin","Number","5864"
"HSA10","New House Registrations","1992","1992","03","Kildare","Number","932"
"HSA10","New House Registrations","1992","1992","04","Kilkenny","Number","174"
"HSA10","New House Registrations","1992","1992","05","Laois","Number","81"
"HSA10","New House Registrations","1992","1992","06","Longford","Number","16"
"HSA10","New House Registrations","1992","1992","07","Louth","Number","190"
"HSA10","New House Registrations","1992","1992","08","Meath","Number","256"
"HSA10","New House Registrations","1992","1992","09","Offaly","Number","84"
"HSA10","New House Registrations","1992","1992","10","Westmeath","Number","133"
"HSA10","New House Registrations","1992","1992","11","Wexford","Number","255"
"HSA10","New House Registrations","1992","1992","12","Wicklow","Number","315"
"HSA10","New House Registrations","1992","1992","13","Clare","Number","361"
"HSA10","New House Registrations","1992","1992","14","Cork","Number","1303"
"HSA10","New House Registrations","1992","1992","15","Kerry","Number","346"
"HSA10","New House Registrations","1992","1992","16","Limerick","Number","496"
"HSA10","New House Registrations","1992","1992","17","Tipperary","Number","169"
"HSA10","New House Registrations","1992","1992","18","Waterford","Number","368"
"HSA10","New House Registrations","1992","1992","19","Galway","Number","615"
"HSA10","New House Registrations","1992","1992","20","Leitrim","Number","12"
"HSA10","New House Registrations","1992","1992","21","Mayo","Number","215"
"HSA10","New House Registrations","1992","1992","22","Roscommon","Number","44"
"HSA10","New House Registrations","1992","1992","23","Sligo","Number","113"
"HSA10","New House Registrations","1992","1992","24","Cavan","Number","80"
"HSA10","New House Registrations","1992","1992","25","Donegal","Number","156"
"HSA10","New House Registrations","1992","1992","26","Monaghan","Number","47"
"HSA10","New House Registrations","1993","1993","-","All Counties","Number","13666"
"HSA10","New House Registrations","1993","1993","01","Carlow","Number","127"
"HSA10","New House Registrations","1993","1993","02","Dublin","Number","6145"
"HSA10","New House Registrations","1993","1993","03","Kildare","Number","853"
"HSA10","New House Registrations","1993","1993","04","Kilkenny","Number","189"
"HSA10","New House Registrations","1993","1993","05","Laois","Number","150"
"HSA10","New House Registrations","1993","1993","06","Longford","Number","33"
"HSA10","New House Registrations","1993","1993","07","Louth","Number","350"
"HSA10","New House Registrations","1993","1993","08","Meath","Number","383"
"HSA10","New House Registrations","1993","1993","09","Offaly","Number","62"
"HSA10","New House Registrations","1993","1993","10","Westmeath","Number","168"
"HSA10","New House Registrations","1993","1993","11","Wexford","Number","210"
"HSA10","New House Registrations","1993","1993","12","Wicklow","Number","370"
"HSA10","New House Registrations","1993","1993","13","Clare","Number","240"
"HSA10","New House Registrations","1993","1993","14","Cork","Number","1443"
"HSA10","New House Registrations","1993","1993","15","Kerry","Number","403"
"HSA10","New House Registrations","1993","1993","16","Limerick","Number","693"
"HSA10","New House Registrations","1993","1993","17","Tipperary","Number","241"
"HSA10","New House Registrations","1993","1993","18","Waterford","Number","341"
"HSA10","New House Registrations","1993","1993","19","Galway","Number","487"
"HSA10","New House Registrations","1993","1993","20","Leitrim","Number","16"
"HSA10","New House Registrations","1993","1993","21","Mayo","Number","188"
"HSA10","New House Registrations","1993","1993","22","Roscommon","Number","92"
"HSA10","New House Registrations","1993","1993","23","Sligo","Number","134"
"HSA10","New House Registrations","1993","1993","24","Cavan","Number","63"
"HSA10","New House Registrations","1993","1993","25","Donegal","Number","232"
"HSA10","New House Registrations","1993","1993","26","Monaghan","Number","53"
"HSA10","New House Registrations","1994","1994","-","All Counties","Number","17822"
"HSA10","New House Registrations","1994","1994","01","Carlow","Number","110"
"HSA10","New House Registrations","1994","1994","02","Dublin","Number","7830"
"HSA10","New House Registrations","1994","1994","03","Kildare","Number","1385"
"HSA10","New House Registrations","1994","1994","04","Kilkenny","Number","219"
"HSA10","New House Registrations","1994","1994","05","Laois","Number","168"
"HSA10","New House Registrations","1994","1994","06","Longford","Number","14"
"HSA10","New House Registrations","1994","1994","07","Louth","Number","527"
"HSA10","New House Registrations","1994","1994","08","Meath","Number","536"
"HSA10","New House Registrations","1994","1994","09","Offaly","Number","171"
"HSA10","New House Registrations","1994","1994","10","Westmeath","Number","154"
"HSA10","New House Registrations","1994","1994","11","Wexford","Number","267"
"HSA10","New House Registrations","1994","1994","12","Wicklow","Number","329"
"HSA10","New House Registrations","1994","1994","13","Clare","Number","366"
"HSA10","New House Registrations","1994","1994","14","Cork","Number","1966"
"HSA10","New House Registrations","1994","1994","15","Kerry","Number","361"
"HSA10","New House Registrations","1994","1994","16","Limerick","Number","832"
"HSA10","New House Registrations","1994","1994","17","Tipperary","Number","306"
"HSA10","New House Registrations","1994","1994","18","Waterford","Number","560"
"HSA10","New House Registrations","1994","1994","19","Galway","Number","623"
"HSA10","New House Registrations","1994","1994","20","Leitrim","Number","5"
"HSA10","New House Registrations","1994","1994","21","Mayo","Number","397"
"HSA10","New House Registrations","1994","1994","22","Roscommon","Number","54"
"HSA10","New House Registrations","1994","1994","23","Sligo","Number","245"
"HSA10","New House Registrations","1994","1994","24","Cavan","Number","106"
"HSA10","New House Registrations","1994","1994","25","Donegal","Number","241"
"HSA10","New House Registrations","1994","1994","26","Monaghan","Number","50"
"HSA10","New House Registrations","1995","1995","-","All Counties","Number","19727"
"HSA10","New House Registrations","1995","1995","01","Carlow","Number","169"
"HSA10","New House Registrations","1995","1995","02","Dublin","Number","8107"
"HSA10","New House Registrations","1995","1995","03","Kildare","Number","1300"
"HSA10","New House Registrations","1995","1995","04","Kilkenny","Number","304"
"HSA10","New House Registrations","1995","1995","05","Laois","Number","252"
"HSA10","New House Registrations","1995","1995","06","Longford","Number","12"
"HSA10","New House Registrations","1995","1995","07","Louth","Number","586"
"HSA10","New House Registrations","1995","1995","08","Meath","Number","761"
"HSA10","New House Registrations","1995","1995","09","Offaly","Number","116"
"HSA10","New House Registrations","1995","1995","10","Westmeath","Number","328"
"HSA10","New House Registrations","1995","1995","11","Wexford","Number","433"
"HSA10","New House Registrations","1995","1995","12","Wicklow","Number","687"
"HSA10","New House Registrations","1995","1995","13","Clare","Number","455"
"HSA10","New House Registrations","1995","1995","14","Cork","Number","1895"
"HSA10","New House Registrations","1995","1995","15","Kerry","Number","411"
"HSA10","New House Registrations","1995","1995","16","Limerick","Number","767"
"HSA10","New House Registrations","1995","1995","17","Tipperary","Number","458"
"HSA10","New House Registrations","1995","1995","18","Waterford","Number","589"
"HSA10","New House Registrations","1995","1995","19","Galway","Number","929"
"HSA10","New House Registrations","1995","1995","20","Leitrim","Number","12"
"HSA10","New House Registrations","1995","1995","21","Mayo","Number","363"
"HSA10","New House Registrations","1995","1995","22","Roscommon","Number","58"
"HSA10","New House Registrations","1995","1995","23","Sligo","Number","235"
"HSA10","New House Registrations","1995","1995","24","Cavan","Number","76"
"HSA10","New House Registrations","1995","1995","25","Donegal","Number","344"
"HSA10","New House Registrations","1995","1995","26","Monaghan","Number","80"
"HSA10","New House Registrations","1996","1996","-","All Counties","Number","23769"
"HSA10","New House Registrations","1996","1996","01","Carlow","Number","325"
"HSA10","New House Registrations","1996","1996","02","Dublin","Number","8591"
"HSA10","New House Registrations","1996","1996","03","Kildare","Number","1510"
"HSA10","New House Registrations","1996","1996","04","Kilkenny","Number","387"
"HSA10","New House Registrations","1996","1996","05","Laois","Number","193"
"HSA10","New House Registrations","1996","1996","06","Longford","Number","8"
"HSA10","New House Registrations","1996","1996","07","Louth","Number","721"
"HSA10","New House Registrations","1996","1996","08","Meath","Number","872"
"HSA10","New House Registrations","1996","1996","09","Offaly","Number","167"
"HSA10","New House Registrations","1996","1996","10","Westmeath","Number","389"
"HSA10","New House Registrations","1996","1996","11","Wexford","Number","532"
"HSA10","New House Registrations","1996","1996","12","Wicklow","Number","678"
"HSA10","New House Registrations","1996","1996","13","Clare","Number","722"
"HSA10","New House Registrations","1996","1996","14","Cork","Number","2712"
"HSA10","New House Registrations","1996","1996","15","Kerry","Number","575"
"HSA10","New House Registrations","1996","1996","16","Limerick","Number","1236"
"HSA10","New House Registrations","1996","1996","17","Tipperary","Number","480"
"HSA10","New House Registrations","1996","1996","18","Waterford","Number","717"
"HSA10","New House Registrations","1996","1996","19","Galway","Number","1444"
"HSA10","New House Registrations","1996","1996","20","Leitrim","Number","30"
"HSA10","New House Registrations","1996","1996","21","Mayo","Number","448"
"HSA10","New House Registrations","1996","1996","22","Roscommon","Number","100"
"HSA10","New House Registrations","1996","1996","23","Sligo","Number","268"
"HSA10","New House Registrations","1996","1996","24","Cavan","Number","183"
"HSA10","New House Registrations","1996","1996","25","Donegal","Number","389"
"HSA10","New House Registrations","1996","1996","26","Monaghan","Number","92"
"HSA10","New House Registrations","1997","1997","-","All Counties","Number","27080"
"HSA10","New House Registrations","1997","1997","01","Carlow","Number","508"
"HSA10","New House Registrations","1997","1997","02","Dublin","Number","8040"
"HSA10","New House Registrations","1997","1997","03","Kildare","Number","2052"
"HSA10","New House Registrations","1997","1997","04","Kilkenny","Number","450"
"HSA10","New House Registrations","1997","1997","05","Laois","Number","233"
"HSA10","New House Registrations","1997","1997","06","Longford","Number","33"
"HSA10","New House Registrations","1997","1997","07","Louth","Number","841"
"HSA10","New House Registrations","1997","1997","08","Meath","Number","1283"
"HSA10","New House Registrations","1997","1997","09","Offaly","Number","132"
"HSA10","New House Registrations","1997","1997","10","Westmeath","Number","584"
"HSA10","New House Registrations","1997","1997","11","Wexford","Number","916"
"HSA10","New House Registrations","1997","1997","12","Wicklow","Number","1099"
"HSA10","New House Registrations","1997","1997","13","Clare","Number","831"
"HSA10","New House Registrations","1997","1997","14","Cork","Number","3037"
"HSA10","New House Registrations","1997","1997","15","Kerry","Number","837"
"HSA10","New House Registrations","1997","1997","16","Limerick","Number","1543"
"HSA10","New House Registrations","1997","1997","17","Tipperary","Number","664"
"HSA10","New House Registrations","1997","1997","18","Waterford","Number","840"
"HSA10","New House Registrations","1997","1997","19","Galway","Number","1281"
"HSA10","New House Registrations","1997","1997","20","Leitrim","Number","38"
"HSA10","New House Registrations","1997","1997","21","Mayo","Number","576"
"HSA10","New House Registrations","1997","1997","22","Roscommon","Number","86"
"HSA10","New House Registrations","1997","1997","23","Sligo","Number","547"
"HSA10","New House Registrations","1997","1997","24","Cavan","Number","152"
"HSA10","New House Registrations","1997","1997","25","Donegal","Number","425"
"HSA10","New House Registrations","1997","1997","26","Monaghan","Number","52"
"HSA10","New House Registrations","1998","1998","-","All Counties","Number","29067"
"HSA10","New House Registrations","1998","1998","01","Carlow","Number","495"
"HSA10","New House Registrations","1998","1998","02","Dublin","Number","8356"
"HSA10","New House Registrations","1998","1998","03","Kildare","Number","2361"
"HSA10","New House Registrations","1998","1998","04","Kilkenny","Number","511"
"HSA10","New House Registrations","1998","1998","05","Laois","Number","293"
"HSA10","New House Registrations","1998","1998","06","Longford","Number","31"
"HSA10","New House Registrations","1998","1998","07","Louth","Number","1087"
"HSA10","New House Registrations","1998","1998","08","Meath","Number","1139"
"HSA10","New House Registrations","1998","1998","09","Offaly","Number","289"
"HSA10","New House Registrations","1998","1998","10","Westmeath","Number","725"
"HSA10","New House Registrations","1998","1998","11","Wexford","Number","1357"
"HSA10","New House Registrations","1998","1998","12","Wicklow","Number","784"
"HSA10","New House Registrations","1998","1998","13","Clare","Number","801"
"HSA10","New House Registrations","1998","1998","14","Cork","Number","3266"
"HSA10","New House Registrations","1998","1998","15","Kerry","Number","684"
"HSA10","New House Registrations","1998","1998","16","Limerick","Number","1439"
"HSA10","New House Registrations","1998","1998","17","Tipperary","Number","730"
"HSA10","New House Registrations","1998","1998","18","Waterford","Number","893"
"HSA10","New House Registrations","1998","1998","19","Galway","Number","1381"
"HSA10","New House Registrations","1998","1998","20","Leitrim","Number","35"
"HSA10","New House Registrations","1998","1998","21","Mayo","Number","763"
"HSA10","New House Registrations","1998","1998","22","Roscommon","Number","152"
"HSA10","New House Registrations","1998","1998","23","Sligo","Number","472"
"HSA10","New House Registrations","1998","1998","24","Cavan","Number","176"
"HSA10","New House Registrations","1998","1998","25","Donegal","Number","736"
"HSA10","New House Registrations","1998","1998","26","Monaghan","Number","111"
"HSA10","New House Registrations","1999","1999","-","All Counties","Number","33852"
"HSA10","New House Registrations","1999","1999","01","Carlow","Number","529"
"HSA10","New House Registrations","1999","1999","02","Dublin","Number","8956"
"HSA10","New House Registrations","1999","1999","03","Kildare","Number","1972"
"HSA10","New House Registrations","1999","1999","04","Kilkenny","Number","512"
"HSA10","New House Registrations","1999","1999","05","Laois","Number","597"
"HSA10","New House Registrations","1999","1999","06","Longford","Number","42"
"HSA10","New House Registrations","1999","1999","07","Louth","Number","1020"
"HSA10","New House Registrations","1999","1999","08","Meath","Number","2350"
"HSA10","New House Registrations","1999","1999","09","Offaly","Number","431"
"HSA10","New House Registrations","1999","1999","10","Westmeath","Number","928"
"HSA10","New House Registrations","1999","1999","11","Wexford","Number","1640"
"HSA10","New House Registrations","1999","1999","12","Wicklow","Number","689"
"HSA10","New House Registrations","1999","1999","13","Clare","Number","1158"
"HSA10","New House Registrations","1999","1999","14","Cork","Number","4174"
"HSA10","New House Registrations","1999","1999","15","Kerry","Number","727"
"HSA10","New House Registrations","1999","1999","16","Limerick","Number","1543"
"HSA10","New House Registrations","1999","1999","17","Tipperary","Number","1024"
"HSA10","New House Registrations","1999","1999","18","Waterford","Number","919"
"HSA10","New House Registrations","1999","1999","19","Galway","Number","1721"
"HSA10","New House Registrations","1999","1999","20","Leitrim","Number","220"
"HSA10","New House Registrations","1999","1999","21","Mayo","Number","830"
"HSA10","New House Registrations","1999","1999","22","Roscommon","Number","183"
"HSA10","New House Registrations","1999","1999","23","Sligo","Number","391"
"HSA10","New House Registrations","1999","1999","24","Cavan","Number","229"
"HSA10","New House Registrations","1999","1999","25","Donegal","Number","1020"
"HSA10","New House Registrations","1999","1999","26","Monaghan","Number","47"
"HSA10","New House Registrations","2000","2000","-","All Counties","Number","34613"
"HSA10","New House Registrations","2000","2000","01","Carlow","Number","369"
"HSA10","New House Registrations","2000","2000","02","Dublin","Number","8122"
"HSA10","New House Registrations","2000","2000","03","Kildare","Number","2064"
"HSA10","New House Registrations","2000","2000","04","Kilkenny","Number","607"
"HSA10","New House Registrations","2000","2000","05","Laois","Number","809"
"HSA10","New House Registrations","2000","2000","06","Longford","Number","103"
"HSA10","New House Registrations","2000","2000","07","Louth","Number","1298"
"HSA10","New House Registrations","2000","2000","08","Meath","Number","2595"
"HSA10","New House Registrations","2000","2000","09","Offaly","Number","638"
"HSA10","New House Registrations","2000","2000","10","Westmeath","Number","976"
"HSA10","New House Registrations","2000","2000","11","Wexford","Number","1697"
"HSA10","New House Registrations","2000","2000","12","Wicklow","Number","814"
"HSA10","New House Registrations","2000","2000","13","Clare","Number","891"
"HSA10","New House Registrations","2000","2000","14","Cork","Number","4424"
"HSA10","New House Registrations","2000","2000","15","Kerry","Number","739"
"HSA10","New House Registrations","2000","2000","16","Limerick","Number","1381"
"HSA10","New House Registrations","2000","2000","17","Tipperary","Number","1024"
"HSA10","New House Registrations","2000","2000","18","Waterford","Number","1121"
"HSA10","New House Registrations","2000","2000","19","Galway","Number","1831"
"HSA10","New House Registrations","2000","2000","20","Leitrim","Number","259"
"HSA10","New House Registrations","2000","2000","21","Mayo","Number","903"
"HSA10","New House Registrations","2000","2000","22","Roscommon","Number","254"
"HSA10","New House Registrations","2000","2000","23","Sligo","Number","369"
"HSA10","New House Registrations","2000","2000","24","Cavan","Number","270"
"HSA10","New House Registrations","2000","2000","25","Donegal","Number","850"
"HSA10","New House Registrations","2000","2000","26","Monaghan","Number","205"
"HSA10","New House Registrations","2001","2001","-","All Counties","Number","28845"
"HSA10","New House Registrations","2001","2001","01","Carlow","Number","305"
"HSA10","New House Registrations","2001","2001","02","Dublin","Number","8724"
"HSA10","New House Registrations","2001","2001","03","Kildare","Number","1933"
"HSA10","New House Registrations","2001","2001","04","Kilkenny","Number","648"
"HSA10","New House Registrations","2001","2001","05","Laois","Number","346"
"HSA10","New House Registrations","2001","2001","06","Longford","Number","131"
"HSA10","New House Registrations","2001","2001","07","Louth","Number","855"
"HSA10","New House Registrations","2001","2001","08","Meath","Number","1993"
"HSA10","New House Registrations","2001","2001","09","Offaly","Number","399"
"HSA10","New House Registrations","2001","2001","10","Westmeath","Number","777"
"HSA10","New House Registrations","2001","2001","11","Wexford","Number","1049"
"HSA10","New House Registrations","2001","2001","12","Wicklow","Number","978"
"HSA10","New House Registrations","2001","2001","13","Clare","Number","648"
"HSA10","New House Registrations","2001","2001","14","Cork","Number","2957"
"HSA10","New House Registrations","2001","2001","15","Kerry","Number","639"
"HSA10","New House Registrations","2001","2001","16","Limerick","Number","862"
"HSA10","New House Registrations","2001","2001","17","Tipperary","Number","538"
"HSA10","New House Registrations","2001","2001","18","Waterford","Number","881"
"HSA10","New House Registrations","2001","2001","19","Galway","Number","1780"
"HSA10","New House Registrations","2001","2001","20","Leitrim","Number","313"
"HSA10","New House Registrations","2001","2001","21","Mayo","Number","407"
"HSA10","New House Registrations","2001","2001","22","Roscommon","Number","289"
"HSA10","New House Registrations","2001","2001","23","Sligo","Number","335"
"HSA10","New House Registrations","2001","2001","24","Cavan","Number","201"
"HSA10","New House Registrations","2001","2001","25","Donegal","Number","710"
"HSA10","New House Registrations","2001","2001","26","Monaghan","Number","147"
"HSA10","New House Registrations","2002","2002","-","All Counties","Number","51017"
"HSA10","New House Registrations","2002","2002","01","Carlow","Number","429"
"HSA10","New House Registrations","2002","2002","02","Dublin","Number","18243"
"HSA10","New House Registrations","2002","2002","03","Kildare","Number","2192"
"HSA10","New House Registrations","2002","2002","04","Kilkenny","Number","1064"
"HSA10","New House Registrations","2002","2002","05","Laois","Number","821"
"HSA10","New House Registrations","2002","2002","06","Longford","Number","238"
"HSA10","New House Registrations","2002","2002","07","Louth","Number","1340"
"HSA10","New House Registrations","2002","2002","08","Meath","Number","2904"
"HSA10","New House Registrations","2002","2002","09","Offaly","Number","640"
"HSA10","New House Registrations","2002","2002","10","Westmeath","Number","1031"
"HSA10","New House Registrations","2002","2002","11","Wexford","Number","1611"
"HSA10","New House Registrations","2002","2002","12","Wicklow","Number","1345"
"HSA10","New House Registrations","2002","2002","13","Clare","Number","864"
"HSA10","New House Registrations","2002","2002","14","Cork","Number","6004"
"HSA10","New House Registrations","2002","2002","15","Kerry","Number","1561"
"HSA10","New House Registrations","2002","2002","16","Limerick","Number","1824"
"HSA10","New House Registrations","2002","2002","17","Tipperary","Number","1098"
"HSA10","New House Registrations","2002","2002","18","Waterford","Number","1550"
"HSA10","New House Registrations","2002","2002","19","Galway","Number","2941"
"HSA10","New House Registrations","2002","2002","20","Leitrim","Number","213"
"HSA10","New House Registrations","2002","2002","21","Mayo","Number","837"
"HSA10","New House Registrations","2002","2002","22","Roscommon","Number","347"
"HSA10","New House Registrations","2002","2002","23","Sligo","Number","556"
"HSA10","New House Registrations","2002","2002","24","Cavan","Number","370"
"HSA10","New House Registrations","2002","2002","25","Donegal","Number","804"
"HSA10","New House Registrations","2002","2002","26","Monaghan","Number","190"
"HSA10","New House Registrations","2003","2003","-","All Counties","Number","56859"
"HSA10","New House Registrations","2003","2003","01","Carlow","Number","719"
"HSA10","New House Registrations","2003","2003","02","Dublin","Number","16708"
"HSA10","New House Registrations","2003","2003","03","Kildare","Number","3264"
"HSA10","New House Registrations","2003","2003","04","Kilkenny","Number","946"
"HSA10","New House Registrations","2003","2003","05","Laois","Number","1152"
"HSA10","New House Registrations","2003","2003","06","Longford","Number","419"
"HSA10","New House Registrations","2003","2003","07","Louth","Number","1763"
"HSA10","New House Registrations","2003","2003","08","Meath","Number","3615"
"HSA10","New House Registrations","2003","2003","09","Offaly","Number","1220"
"HSA10","New House Registrations","2003","2003","10","Westmeath","Number","1609"
"HSA10","New House Registrations","2003","2003","11","Wexford","Number","1584"
"HSA10","New House Registrations","2003","2003","12","Wicklow","Number","2121"
"HSA10","New House Registrations","2003","2003","13","Clare","Number","1157"
"HSA10","New House Registrations","2003","2003","14","Cork","Number","5827"
"HSA10","New House Registrations","2003","2003","15","Kerry","Number","1272"
"HSA10","New House Registrations","2003","2003","16","Limerick","Number","3197"
"HSA10","New House Registrations","2003","2003","17","Tipperary","Number","1411"
"HSA10","New House Registrations","2003","2003","18","Waterford","Number","1575"
"HSA10","New House Registrations","2003","2003","19","Galway","Number","2811"
"HSA10","New House Registrations","2003","2003","20","Leitrim","Number","516"
"HSA10","New House Registrations","2003","2003","21","Mayo","Number","955"
"HSA10","New House Registrations","2003","2003","22","Roscommon","Number","445"
"HSA10","New House Registrations","2003","2003","23","Sligo","Number","765"
"HSA10","New House Registrations","2003","2003","24","Cavan","Number","572"
"HSA10","New House Registrations","2003","2003","25","Donegal","Number","1078"
"HSA10","New House Registrations","2003","2003","26","Monaghan","Number","158"
"HSA10","New House Registrations","2004","2004","-","All Counties","Number","60782"
"HSA10","New House Registrations","2004","2004","01","Carlow","Number","847"
"HSA10","New House Registrations","2004","2004","02","Dublin","Number","18714"
"HSA10","New House Registrations","2004","2004","03","Kildare","Number","2958"
"HSA10","New House Registrations","2004","2004","04","Kilkenny","Number","1174"
"HSA10","New House Registrations","2004","2004","05","Laois","Number","1568"
"HSA10","New House Registrations","2004","2004","06","Longford","Number","708"
"HSA10","New House Registrations","2004","2004","07","Louth","Number","1453"
"HSA10","New House Registrations","2004","2004","08","Meath","Number","3347"
"HSA10","New House Registrations","2004","2004","09","Offaly","Number","1060"
"HSA10","New House Registrations","2004","2004","10","Westmeath","Number","1260"
"HSA10","New House Registrations","2004","2004","11","Wexford","Number","2152"
"HSA10","New House Registrations","2004","2004","12","Wicklow","Number","1480"
"HSA10","New House Registrations","2004","2004","13","Clare","Number","1478"
"HSA10","New House Registrations","2004","2004","14","Cork","Number","6425"
"HSA10","New House Registrations","2004","2004","15","Kerry","Number","1762"
"HSA10","New House Registrations","2004","2004","16","Limerick","Number","2316"
"HSA10","New House Registrations","2004","2004","17","Tipperary","Number","1885"
"HSA10","New House Registrations","2004","2004","18","Waterford","Number","1771"
"HSA10","New House Registrations","2004","2004","19","Galway","Number","2528"
"HSA10","New House Registrations","2004","2004","20","Leitrim","Number","653"
"HSA10","New House Registrations","2004","2004","21","Mayo","Number","1132"
"HSA10","New House Registrations","2004","2004","22","Roscommon","Number","962"
"HSA10","New House Registrations","2004","2004","23","Sligo","Number","956"
"HSA10","New House Registrations","2004","2004","24","Cavan","Number","1106"
"HSA10","New House Registrations","2004","2004","25","Donegal","Number","913"
"HSA10","New House Registrations","2004","2004","26","Monaghan","Number","174"
"HSA10","New House Registrations","2005","2005","-","All Counties","Number","62284"
"HSA10","New House Registrations","2005","2005","01","Carlow","Number","938"
"HSA10","New House Registrations","2005","2005","02","Dublin","Number","15656"
"HSA10","New House Registrations","2005","2005","03","Kildare","Number","4000"
"HSA10","New House Registrations","2005","2005","04","Kilkenny","Number","1570"
"HSA10","New House Registrations","2005","2005","05","Laois","Number","1946"
"HSA10","New House Registrations","2005","2005","06","Longford","Number","609"
"HSA10","New House Registrations","2005","2005","07","Louth","Number","1523"
"HSA10","New House Registrations","2005","2005","08","Meath","Number","3456"
"HSA10","New House Registrations","2005","2005","09","Offaly","Number","938"
"HSA10","New House Registrations","2005","2005","10","Westmeath","Number","1071"
"HSA10","New House Registrations","2005","2005","11","Wexford","Number","2178"
"HSA10","New House Registrations","2005","2005","12","Wicklow","Number","1436"
"HSA10","New House Registrations","2005","2005","13","Clare","Number","1537"
"HSA10","New House Registrations","2005","2005","14","Cork","Number","7745"
"HSA10","New House Registrations","2005","2005","15","Kerry","Number","2012"
"HSA10","New House Registrations","2005","2005","16","Limerick","Number","2185"
"HSA10","New House Registrations","2005","2005","17","Tipperary","Number","1949"
"HSA10","New House Registrations","2005","2005","18","Waterford","Number","1526"
"HSA10","New House Registrations","2005","2005","19","Galway","Number","2556"
"HSA10","New House Registrations","2005","2005","20","Leitrim","Number","816"
"HSA10","New House Registrations","2005","2005","21","Mayo","Number","1439"
"HSA10","New House Registrations","2005","2005","22","Roscommon","Number","1427"
"HSA10","New House Registrations","2005","2005","23","Sligo","Number","1213"
"HSA10","New House Registrations","2005","2005","24","Cavan","Number","1133"
"HSA10","New House Registrations","2005","2005","25","Donegal","Number","990"
"HSA10","New House Registrations","2005","2005","26","Monaghan","Number","435"
"HSA10","New House Registrations","2006","2006","-","All Counties","Number","66649"
"HSA10","New House Registrations","2006","2006","01","Carlow","Number","936"
"HSA10","New House Registrations","2006","2006","02","Dublin","Number","17258"
"HSA10","New House Registrations","2006","2006","03","Kildare","Number","3759"
"HSA10","New House Registrations","2006","2006","04","Kilkenny","Number","1305"
"HSA10","New House Registrations","2006","2006","05","Laois","Number","2287"
"HSA10","New House Registrations","2006","2006","06","Longford","Number","1608"
"HSA10","New House Registrations","2006","2006","07","Louth","Number","1097"
"HSA10","New House Registrations","2006","2006","08","Meath","Number","2868"
"HSA10","New House Registrations","2006","2006","09","Offaly","Number","995"
"HSA10","New House Registrations","2006","2006","10","Westmeath","Number","1480"
"HSA10","New House Registrations","2006","2006","11","Wexford","Number","2596"
"HSA10","New House Registrations","2006","2006","12","Wicklow","Number","1381"
"HSA10","New House Registrations","2006","2006","13","Clare","Number","1916"
"HSA10","New House Registrations","2006","2006","14","Cork","Number","7857"
"HSA10","New House Registrations","2006","2006","15","Kerry","Number","1746"
"HSA10","New House Registrations","2006","2006","16","Limerick","Number","2563"
"HSA10","New House Registrations","2006","2006","17","Tipperary","Number","2158"
"HSA10","New House Registrations","2006","2006","18","Waterford","Number","1278"
"HSA10","New House Registrations","2006","2006","19","Galway","Number","3233"
"HSA10","New House Registrations","2006","2006","20","Leitrim","Number","794"
"HSA10","New House Registrations","2006","2006","21","Mayo","Number","1518"
"HSA10","New House Registrations","2006","2006","22","Roscommon","Number","1101"
"HSA10","New House Registrations","2006","2006","23","Sligo","Number","1489"
"HSA10","New House Registrations","2006","2006","24","Cavan","Number","1384"
"HSA10","New House Registrations","2006","2006","25","Donegal","Number","1391"
"HSA10","New House Registrations","2006","2006","26","Monaghan","Number","651"
"HSA10","New House Registrations","2007","2007","-","All Counties","Number","38351"
"HSA10","New House Registrations","2007","2007","01","Carlow","Number","747"
"HSA10","New House Registrations","2007","2007","02","Dublin","Number","9318"
"HSA10","New House Registrations","2007","2007","03","Kildare","Number","2083"
"HSA10","New House Registrations","2007","2007","04","Kilkenny","Number","727"
"HSA10","New House Registrations","2007","2007","05","Laois","Number","1549"
"HSA10","New House Registrations","2007","2007","06","Longford","Number","279"
"HSA10","New House Registrations","2007","2007","07","Louth","Number","909"
"HSA10","New House Registrations","2007","2007","08","Meath","Number","1655"
"HSA10","New House Registrations","2007","2007","09","Offaly","Number","524"
"HSA10","New House Registrations","2007","2007","10","Westmeath","Number","933"
"HSA10","New House Registrations","2007","2007","11","Wexford","Number","1167"
"HSA10","New House Registrations","2007","2007","12","Wicklow","Number","842"
"HSA10","New House Registrations","2007","2007","13","Clare","Number","1066"
"HSA10","New House Registrations","2007","2007","14","Cork","Number","4337"
"HSA10","New House Registrations","2007","2007","15","Kerry","Number","1232"
"HSA10","New House Registrations","2007","2007","16","Limerick","Number","1435"
"HSA10","New House Registrations","2007","2007","17","Tipperary","Number","1911"
"HSA10","New House Registrations","2007","2007","18","Waterford","Number","944"
"HSA10","New House Registrations","2007","2007","19","Galway","Number","1909"
"HSA10","New House Registrations","2007","2007","20","Leitrim","Number","265"
"HSA10","New House Registrations","2007","2007","21","Mayo","Number","1076"
"HSA10","New House Registrations","2007","2007","22","Roscommon","Number","441"
"HSA10","New House Registrations","2007","2007","23","Sligo","Number","826"
"HSA10","New House Registrations","2007","2007","24","Cavan","Number","907"
"HSA10","New House Registrations","2007","2007","25","Donegal","Number","1042"
"HSA10","New House Registrations","2007","2007","26","Monaghan","Number","227"
"HSA10","New House Registrations","2008","2008","-","All Counties","Number","12676"
"HSA10","New House Registrations","2008","2008","01","Carlow","Number","230"
"HSA10","New House Registrations","2008","2008","02","Dublin","Number","4550"
"HSA10","New House Registrations","2008","2008","03","Kildare","Number","413"
"HSA10","New House Registrations","2008","2008","04","Kilkenny","Number","165"
"HSA10","New House Registrations","2008","2008","05","Laois","Number","221"
"HSA10","New House Registrations","2008","2008","06","Longford","Number","19"
"HSA10","New House Registrations","2008","2008","07","Louth","Number","377"
"HSA10","New House Registrations","2008","2008","08","Meath","Number","560"
"HSA10","New House Registrations","2008","2008","09","Offaly","Number","193"
"HSA10","New House Registrations","2008","2008","10","Westmeath","Number","96"
"HSA10","New House Registrations","2008","2008","11","Wexford","Number","351"
"HSA10","New House Registrations","2008","2008","12","Wicklow","Number","236"
"HSA10","New House Registrations","2008","2008","13","Clare","Number","156"
"HSA10","New House Registrations","2008","2008","14","Cork","Number","1740"
"HSA10","New House Registrations","2008","2008","15","Kerry","Number","256"
"HSA10","New House Registrations","2008","2008","16","Limerick","Number","314"
"HSA10","New House Registrations","2008","2008","17","Tipperary","Number","532"
"HSA10","New House Registrations","2008","2008","18","Waterford","Number","310"
"HSA10","New House Registrations","2008","2008","19","Galway","Number","728"
"HSA10","New House Registrations","2008","2008","20","Leitrim","Number","62"
"HSA10","New House Registrations","2008","2008","21","Mayo","Number","240"
"HSA10","New House Registrations","2008","2008","22","Roscommon","Number","70"
"HSA10","New House Registrations","2008","2008","23","Sligo","Number","163"
"HSA10","New House Registrations","2008","2008","24","Cavan","Number","168"
"HSA10","New House Registrations","2008","2008","25","Donegal","Number","364"
"HSA10","New House Registrations","2008","2008","26","Monaghan","Number","162"
"HSA10","New House Registrations","2009","2009","-","All Counties","Number","3743"
"HSA10","New House Registrations","2009","2009","01","Carlow","Number","60"
"HSA10","New House Registrations","2009","2009","02","Dublin","Number","1113"
"HSA10","New House Registrations","2009","2009","03","Kildare","Number","196"
"HSA10","New House Registrations","2009","2009","04","Kilkenny","Number","67"
"HSA10","New House Registrations","2009","2009","05","Laois","Number","30"
"HSA10","New House Registrations","2009","2009","06","Longford","Number","10"
"HSA10","New House Registrations","2009","2009","07","Louth","Number","124"
"HSA10","New House Registrations","2009","2009","08","Meath","Number","199"
"HSA10","New House Registrations","2009","2009","09","Offaly","Number","27"
"HSA10","New House Registrations","2009","2009","10","Westmeath","Number","88"
"HSA10","New House Registrations","2009","2009","11","Wexford","Number","126"
"HSA10","New House Registrations","2009","2009","12","Wicklow","Number","215"
"HSA10","New House Registrations","2009","2009","13","Clare","Number","137"
"HSA10","New House Registrations","2009","2009","14","Cork","Number","488"
"HSA10","New House Registrations","2009","2009","15","Kerry","Number","66"
"HSA10","New House Registrations","2009","2009","16","Limerick","Number","84"
"HSA10","New House Registrations","2009","2009","17","Tipperary","Number","97"
"HSA10","New House Registrations","2009","2009","18","Waterford","Number","64"
"HSA10","New House Registrations","2009","2009","19","Galway","Number","146"
"HSA10","New House Registrations","2009","2009","20","Leitrim","Number","10"
"HSA10","New House Registrations","2009","2009","21","Mayo","Number","19"
"HSA10","New House Registrations","2009","2009","22","Roscommon","Number","45"
"HSA10","New House Registrations","2009","2009","23","Sligo","Number","185"
"HSA10","New House Registrations","2009","2009","24","Cavan","Number","64"
"HSA10","New House Registrations","2009","2009","25","Donegal","Number","32"
"HSA10","New House Registrations","2009","2009","26","Monaghan","Number","51"
"HSA10","New House Registrations","2010","2010","-","All Counties","Number","1680"
"HSA10","New House Registrations","2010","2010","01","Carlow","Number","37"
"HSA10","New House Registrations","2010","2010","02","Dublin","Number","318"
"HSA10","New House Registrations","2010","2010","03","Kildare","Number","114"
"HSA10","New House Registrations","2010","2010","04","Kilkenny","Number","28"
"HSA10","New House Registrations","2010","2010","05","Laois","Number","28"
"HSA10","New House Registrations","2010","2010","06","Longford","Number","3"
"HSA10","New House Registrations","2010","2010","07","Louth","Number","50"
"HSA10","New House Registrations","2010","2010","08","Meath","Number","87"
"HSA10","New House Registrations","2010","2010","09","Offaly","Number","27"
"HSA10","New House Registrations","2010","2010","10","Westmeath","Number","14"
"HSA10","New House Registrations","2010","2010","11","Wexford","Number","91"
"HSA10","New House Registrations","2010","2010","12","Wicklow","Number","52"
"HSA10","New House Registrations","2010","2010","13","Clare","Number","35"
"HSA10","New House Registrations","2010","2010","14","Cork","Number","358"
"HSA10","New House Registrations","2010","2010","15","Kerry","Number","57"
"HSA10","New House Registrations","2010","2010","16","Limerick","Number","55"
"HSA10","New House Registrations","2010","2010","17","Tipperary","Number","83"
"HSA10","New House Registrations","2010","2010","18","Waterford","Number","18"
"HSA10","New House Registrations","2010","2010","19","Galway","Number","31"
"HSA10","New House Registrations","2010","2010","20","Leitrim","Number","2"
"HSA10","New House Registrations","2010","2010","21","Mayo","Number","66"
"HSA10","New House Registrations","2010","2010","22","Roscommon","Number","9"
"HSA10","New House Registrations","2010","2010","23","Sligo","Number","34"
"HSA10","New House Registrations","2010","2010","24","Cavan","Number","2"
"HSA10","New House Registrations","2010","2010","25","Donegal","Number","67"
"HSA10","New House Registrations","2010","2010","26","Monaghan","Number","14"
"HSA10","New House Registrations","2011","2011","-","All Counties","Number","834"
"HSA10","New House Registrations","2011","2011","01","Carlow","Number","17"
"HSA10","New House Registrations","2011","2011","02","Dublin","Number","140"
"HSA10","New House Registrations","2011","2011","03","Kildare","Number","45"
"HSA10","New House Registrations","2011","2011","04","Kilkenny","Number","43"
"HSA10","New House Registrations","2011","2011","05","Laois","Number","10"
"HSA10","New House Registrations","2011","2011","06","Longford","Number","0"
"HSA10","New House Registrations","2011","2011","07","Louth","Number","22"
"HSA10","New House Registrations","2011","2011","08","Meath","Number","40"
"HSA10","New House Registrations","2011","2011","09","Offaly","Number","24"
"HSA10","New House Registrations","2011","2011","10","Westmeath","Number","5"
"HSA10","New House Registrations","2011","2011","11","Wexford","Number","9"
"HSA10","New House Registrations","2011","2011","12","Wicklow","Number","25"
"HSA10","New House Registrations","2011","2011","13","Clare","Number","14"
"HSA10","New House Registrations","2011","2011","14","Cork","Number","247"
"HSA10","New House Registrations","2011","2011","15","Kerry","Number","47"
"HSA10","New House Registrations","2011","2011","16","Limerick","Number","34"
"HSA10","New House Registrations","2011","2011","17","Tipperary","Number","26"
"HSA10","New House Registrations","2011","2011","18","Waterford","Number","20"
"HSA10","New House Registrations","2011","2011","19","Galway","Number","29"
"HSA10","New House Registrations","2011","2011","20","Leitrim","Number","1"
"HSA10","New House Registrations","2011","2011","21","Mayo","Number","6"
"HSA10","New House Registrations","2011","2011","22","Roscommon","Number","4"
"HSA10","New House Registrations","2011","2011","23","Sligo","Number","12"
"HSA10","New House Registrations","2011","2011","24","Cavan","Number","1"
"HSA10","New House Registrations","2011","2011","25","Donegal","Number","5"
"HSA10","New House Registrations","2011","2011","26","Monaghan","Number","8"
"HSA10","New House Registrations","2012","2012","-","All Counties","Number","627"
"HSA10","New House Registrations","2012","2012","01","Carlow","Number","1"
"HSA10","New House Registrations","2012","2012","02","Dublin","Number","142"
"HSA10","New House Registrations","2012","2012","03","Kildare","Number","62"
"HSA10","New House Registrations","2012","2012","04","Kilkenny","Number","8"
"HSA10","New House Registrations","2012","2012","05","Laois","Number","8"
"HSA10","New House Registrations","2012","2012","06","Longford","Number","1"
"HSA10","New House Registrations","2012","2012","07","Louth","Number","106"
"HSA10","New House Registrations","2012","2012","08","Meath","Number","20"
"HSA10","New House Registrations","2012","2012","09","Offaly","Number","12"
"HSA10","New House Registrations","2012","2012","10","Westmeath","Number","3"
"HSA10","New House Registrations","2012","2012","11","Wexford","Number","15"
"HSA10","New House Registrations","2012","2012","12","Wicklow","Number","28"
"HSA10","New House Registrations","2012","2012","13","Clare","Number","6"
"HSA10","New House Registrations","2012","2012","14","Cork","Number","140"
"HSA10","New House Registrations","2012","2012","15","Kerry","Number","25"
"HSA10","New House Registrations","2012","2012","16","Limerick","Number","10"
"HSA10","New House Registrations","2012","2012","17","Tipperary","Number","12"
"HSA10","New House Registrations","2012","2012","18","Waterford","Number","6"
"HSA10","New House Registrations","2012","2012","19","Galway","Number","10"
"HSA10","New House Registrations","2012","2012","20","Leitrim","Number","0"
"HSA10","New House Registrations","2012","2012","21","Mayo","Number","4"
"HSA10","New House Registrations","2012","2012","22","Roscommon","Number","0"
"HSA10","New House Registrations","2012","2012","23","Sligo","Number","2"
"HSA10","New House Registrations","2012","2012","24","Cavan","Number","1"
"HSA10","New House Registrations","2012","2012","25","Donegal","Number","3"
"HSA10","New House Registrations","2012","2012","26","Monaghan","Number","2"
"HSA10","New House Registrations","2013","2013","-","All Counties","Number","1326"
"HSA10","New House Registrations","2013","2013","01","Carlow","Number","2"
"HSA10","New House Registrations","2013","2013","02","Dublin","Number","675"
"HSA10","New House Registrations","2013","2013","03","Kildare","Number","118"
"HSA10","New House Registrations","2013","2013","04","Kilkenny","Number","8"
"HSA10","New House Registrations","2013","2013","05","Laois","Number","8"
"HSA10","New House Registrations","2013","2013","06","Longford","Number","1"
"HSA10","New House Registrations","2013","2013","07","Louth","Number","35"
"HSA10","New House Registrations","2013","2013","08","Meath","Number","59"
"HSA10","New House Registrations","2013","2013","09","Offaly","Number","6"
"HSA10","New House Registrations","2013","2013","10","Westmeath","Number","4"
"HSA10","New House Registrations","2013","2013","11","Wexford","Number","6"
"HSA10","New House Registrations","2013","2013","12","Wicklow","Number","44"
"HSA10","New House Registrations","2013","2013","13","Clare","Number","5"
"HSA10","New House Registrations","2013","2013","14","Cork","Number","197"
"HSA10","New House Registrations","2013","2013","15","Kerry","Number","25"
"HSA10","New House Registrations","2013","2013","16","Limerick","Number","26"
"HSA10","New House Registrations","2013","2013","17","Tipperary","Number","9"
"HSA10","New House Registrations","2013","2013","18","Waterford","Number","13"
"HSA10","New House Registrations","2013","2013","19","Galway","Number","18"
"HSA10","New House Registrations","2013","2013","20","Leitrim","Number","0"
"HSA10","New House Registrations","2013","2013","21","Mayo","Number","38"
"HSA10","New House Registrations","2013","2013","22","Roscommon","Number","1"
"HSA10","New House Registrations","2013","2013","23","Sligo","Number","2"
"HSA10","New House Registrations","2013","2013","24","Cavan","Number","0"
"HSA10","New House Registrations","2013","2013","25","Donegal","Number","23"
"HSA10","New House Registrations","2013","2013","26","Monaghan","Number","3"
"HSA10","New House Registrations","2014","2014","-","All Counties","Number","2574"
"HSA10","New House Registrations","2014","2014","01","Carlow","Number","26"
"HSA10","New House Registrations","2014","2014","02","Dublin","Number","1339"
"HSA10","New House Registrations","2014","2014","03","Kildare","Number","337"
"HSA10","New House Registrations","2014","2014","04","Kilkenny","Number","6"
"HSA10","New House Registrations","2014","2014","05","Laois","Number","3"
"HSA10","New House Registrations","2014","2014","06","Longford","Number","0"
"HSA10","New House Registrations","2014","2014","07","Louth","Number","23"
"HSA10","New House Registrations","2014","2014","08","Meath","Number","170"
"HSA10","New House Registrations","2014","2014","09","Offaly","Number","21"
"HSA10","New House Registrations","2014","2014","10","Westmeath","Number","12"
"HSA10","New House Registrations","2014","2014","11","Wexford","Number","36"
"HSA10","New House Registrations","2014","2014","12","Wicklow","Number","121"
"HSA10","New House Registrations","2014","2014","13","Clare","Number","8"
"HSA10","New House Registrations","2014","2014","14","Cork","Number","297"
"HSA10","New House Registrations","2014","2014","15","Kerry","Number","28"
"HSA10","New House Registrations","2014","2014","16","Limerick","Number","24"
"HSA10","New House Registrations","2014","2014","17","Tipperary","Number","15"
"HSA10","New House Registrations","2014","2014","18","Waterford","Number","55"
"HSA10","New House Registrations","2014","2014","19","Galway","Number","32"
"HSA10","New House Registrations","2014","2014","20","Leitrim","Number","0"
"HSA10","New House Registrations","2014","2014","21","Mayo","Number","0"
"HSA10","New House Registrations","2014","2014","22","Roscommon","Number","0"
"HSA10","New House Registrations","2014","2014","23","Sligo","Number","0"
"HSA10","New House Registrations","2014","2014","24","Cavan","Number","2"
"HSA10","New House Registrations","2014","2014","25","Donegal","Number","11"
"HSA10","New House Registrations","2014","2014","26","Monaghan","Number","8"
"HSA10","New House Registrations","2015","2015","-","All Counties","Number","4297"
"HSA10","New House Registrations","2015","2015","01","Carlow","Number","6"
"HSA10","New House Registrations","2015","2015","02","Dublin","Number","2535"
"HSA10","New House Registrations","2015","2015","03","Kildare","Number","448"
"HSA10","New House Registrations","2015","2015","04","Kilkenny","Number","16"
"HSA10","New House Registrations","2015","2015","05","Laois","Number","0"
"HSA10","New House Registrations","2015","2015","06","Longford","Number","0"
"HSA10","New House Registrations","2015","2015","07","Louth","Number","55"
"HSA10","New House Registrations","2015","2015","08","Meath","Number","163"
"HSA10","New House Registrations","2015","2015","09","Offaly","Number","4"
"HSA10","New House Registrations","2015","2015","10","Westmeath","Number","18"
"HSA10","New House Registrations","2015","2015","11","Wexford","Number","77"
"HSA10","New House Registrations","2015","2015","12","Wicklow","Number","182"
"HSA10","New House Registrations","2015","2015","13","Clare","Number","25"
"HSA10","New House Registrations","2015","2015","14","Cork","Number","479"
"HSA10","New House Registrations","2015","2015","15","Kerry","Number","19"
"HSA10","New House Registrations","2015","2015","16","Limerick","Number","100"
"HSA10","New House Registrations","2015","2015","17","Tipperary","Number","13"
"HSA10","New House Registrations","2015","2015","18","Waterford","Number","42"
"HSA10","New House Registrations","2015","2015","19","Galway","Number","59"
"HSA10","New House Registrations","2015","2015","20","Leitrim","Number","1"
"HSA10","New House Registrations","2015","2015","21","Mayo","Number","22"
"HSA10","New House Registrations","2015","2015","22","Roscommon","Number","8"
"HSA10","New House Registrations","2015","2015","23","Sligo","Number","0"
"HSA10","New House Registrations","2015","2015","24","Cavan","Number","0"
"HSA10","New House Registrations","2015","2015","25","Donegal","Number","15"
"HSA10","New House Registrations","2015","2015","26","Monaghan","Number","10"
"HSA10","New House Registrations","2016","2016","-","All Counties","Number","5626"
"HSA10","New House Registrations","2016","2016","01","Carlow","Number","10"
"HSA10","New House Registrations","2016","2016","02","Dublin","Number","2905"
"HSA10","New House Registrations","2016","2016","03","Kildare","Number","531"
"HSA10","New House Registrations","2016","2016","04","Kilkenny","Number","20"
"HSA10","New House Registrations","2016","2016","05","Laois","Number","1"
"HSA10","New House Registrations","2016","2016","06","Longford","Number","0"
"HSA10","New House Registrations","2016","2016","07","Louth","Number","46"
"HSA10","New House Registrations","2016","2016","08","Meath","Number","532"
"HSA10","New House Registrations","2016","2016","09","Offaly","Number","7"
"HSA10","New House Registrations","2016","2016","10","Westmeath","Number","3"
"HSA10","New House Registrations","2016","2016","11","Wexford","Number","109"
"HSA10","New House Registrations","2016","2016","12","Wicklow","Number","290"
"HSA10","New House Registrations","2016","2016","13","Clare","Number","49"
"HSA10","New House Registrations","2016","2016","14","Cork","Number","665"
"HSA10","New House Registrations","2016","2016","15","Kerry","Number","34"
"HSA10","New House Registrations","2016","2016","16","Limerick","Number","163"
"HSA10","New House Registrations","2016","2016","17","Tipperary","Number","21"
"HSA10","New House Registrations","2016","2016","18","Waterford","Number","148"
"HSA10","New House Registrations","2016","2016","19","Galway","Number","53"
"HSA10","New House Registrations","2016","2016","20","Leitrim","Number","0"
"HSA10","New House Registrations","2016","2016","21","Mayo","Number","14"
"HSA10","New House Registrations","2016","2016","22","Roscommon","Number","3"
"HSA10","New House Registrations","2016","2016","23","Sligo","Number","0"
"HSA10","New House Registrations","2016","2016","24","Cavan","Number","0"
"HSA10","New House Registrations","2016","2016","25","Donegal","Number","18"
"HSA10","New House Registrations","2016","2016","26","Monaghan","Number","4"
"HSA10","New House Registrations","2017","2017","-","All Counties","Number","9466"
"HSA10","New House Registrations","2017","2017","01","Carlow","Number","14"
"HSA10","New House Registrations","2017","2017","02","Dublin","Number","5063"
"HSA10","New House Registrations","2017","2017","03","Kildare","Number","767"
"HSA10","New House Registrations","2017","2017","04","Kilkenny","Number","7"
"HSA10","New House Registrations","2017","2017","05","Laois","Number","2"
"HSA10","New House Registrations","2017","2017","06","Longford","Number","0"
"HSA10","New House Registrations","2017","2017","07","Louth","Number","164"
"HSA10","New House Registrations","2017","2017","08","Meath","Number","1122"
"HSA10","New House Registrations","2017","2017","09","Offaly","Number","7"
"HSA10","New House Registrations","2017","2017","10","Westmeath","Number","14"
"HSA10","New House Registrations","2017","2017","11","Wexford","Number","206"
"HSA10","New House Registrations","2017","2017","12","Wicklow","Number","347"
"HSA10","New House Registrations","2017","2017","13","Clare","Number","71"
"HSA10","New House Registrations","2017","2017","14","Cork","Number","997"
"HSA10","New House Registrations","2017","2017","15","Kerry","Number","58"
"HSA10","New House Registrations","2017","2017","16","Limerick","Number","204"
"HSA10","New House Registrations","2017","2017","17","Tipperary","Number","20"
"HSA10","New House Registrations","2017","2017","18","Waterford","Number","196"
"HSA10","New House Registrations","2017","2017","19","Galway","Number","143"
"HSA10","New House Registrations","2017","2017","20","Leitrim","Number","0"
"HSA10","New House Registrations","2017","2017","21","Mayo","Number","12"
"HSA10","New House Registrations","2017","2017","22","Roscommon","Number","28"
"HSA10","New House Registrations","2017","2017","23","Sligo","Number","10"
"HSA10","New House Registrations","2017","2017","24","Cavan","Number","1"
"HSA10","New House Registrations","2017","2017","25","Donegal","Number","4"
"HSA10","New House Registrations","2017","2017","26","Monaghan","Number","9"
"HSA10","New House Registrations","2018","2018","-","All Counties","Number","10265"
"HSA10","New House Registrations","2018","2018","01","Carlow","Number","60"
"HSA10","New House Registrations","2018","2018","02","Dublin","Number","4452"
"HSA10","New House Registrations","2018","2018","03","Kildare","Number","1041"
"HSA10","New House Registrations","2018","2018","04","Kilkenny","Number","56"
"HSA10","New House Registrations","2018","2018","05","Laois","Number","0"
"HSA10","New House Registrations","2018","2018","06","Longford","Number","0"
"HSA10","New House Registrations","2018","2018","07","Louth","Number","305"
"HSA10","New House Registrations","2018","2018","08","Meath","Number","1247"
"HSA10","New House Registrations","2018","2018","09","Offaly","Number","18"
"HSA10","New House Registrations","2018","2018","10","Westmeath","Number","39"
"HSA10","New House Registrations","2018","2018","11","Wexford","Number","300"
"HSA10","New House Registrations","2018","2018","12","Wicklow","Number","462"
"HSA10","New House Registrations","2018","2018","13","Clare","Number","119"
"HSA10","New House Registrations","2018","2018","14","Cork","Number","1111"
"HSA10","New House Registrations","2018","2018","15","Kerry","Number","76"
"HSA10","New House Registrations","2018","2018","16","Limerick","Number","258"
"HSA10","New House Registrations","2018","2018","17","Tipperary","Number","53"
"HSA10","New House Registrations","2018","2018","18","Waterford","Number","358"
"HSA10","New House Registrations","2018","2018","19","Galway","Number","226"
"HSA10","New House Registrations","2018","2018","20","Leitrim","Number","0"
"HSA10","New House Registrations","2018","2018","21","Mayo","Number","54"
"HSA10","New House Registrations","2018","2018","22","Roscommon","Number","6"
"HSA10","New House Registrations","2018","2018","23","Sligo","Number","1"
"HSA10","New House Registrations","2018","2018","24","Cavan","Number","0"
"HSA10","New House Registrations","2018","2018","25","Donegal","Number","0"
"HSA10","New House Registrations","2018","2018","26","Monaghan","Number","23"
"HSA10","New House Registrations","2019","2019","-","All Counties","Number","10784"
"HSA10","New House Registrations","2019","2019","01","Carlow","Number","63"
"HSA10","New House Registrations","2019","2019","02","Dublin","Number","4417"
"HSA10","New House Registrations","2019","2019","03","Kildare","Number","1511"
"HSA10","New House Registrations","2019","2019","04","Kilkenny","Number","118"
"HSA10","New House Registrations","2019","2019","05","Laois","Number","99"
"HSA10","New House Registrations","2019","2019","06","Longford","Number","0"
"HSA10","New House Registrations","2019","2019","07","Louth","Number","162"
"HSA10","New House Registrations","2019","2019","08","Meath","Number","1113"
"HSA10","New House Registrations","2019","2019","09","Offaly","Number","75"
"HSA10","New House Registrations","2019","2019","10","Westmeath","Number","74"
"HSA10","New House Registrations","2019","2019","11","Wexford","Number","277"
"HSA10","New House Registrations","2019","2019","12","Wicklow","Number","566"
"HSA10","New House Registrations","2019","2019","13","Clare","Number","77"
"HSA10","New House Registrations","2019","2019","14","Cork","Number","1101"
"HSA10","New House Registrations","2019","2019","15","Kerry","Number","73"
"HSA10","New House Registrations","2019","2019","16","Limerick","Number","217"
"HSA10","New House Registrations","2019","2019","17","Tipperary","Number","19"
"HSA10","New House Registrations","2019","2019","18","Waterford","Number","263"
"HSA10","New House Registrations","2019","2019","19","Galway","Number","396"
"HSA10","New House Registrations","2019","2019","20","Leitrim","Number","0"
"HSA10","New House Registrations","2019","2019","21","Mayo","Number","77"
"HSA10","New House Registrations","2019","2019","22","Roscommon","Number","7"
"HSA10","New House Registrations","2019","2019","23","Sligo","Number","0"
"HSA10","New House Registrations","2019","2019","24","Cavan","Number","7"
"HSA10","New House Registrations","2019","2019","25","Donegal","Number","67"
"HSA10","New House Registrations","2019","2019","26","Monaghan","Number","5"